Tone Category,Reviewer Identity,Confounder,Group 1,Group 2,Group 1 Mean,Group 1 SE,Group 1 Size,Group 2 Mean,Group 2 SE,Group 2 Size,U-statistic,P-value,Significance,Effect Size (RBC),Effect Size CI Lower,Effect Size CI Upper,Higher Group
Appreciation,Disclosed,gender,Male,Female,3.2053950612839928,0.08355208739771937,10520,3.698047861045911,0.13146073218365134,5848,29860306.0,0.00012755533641610763,***,-0.029263977675250796,,,Female
Constructiveness,Disclosed,gender,Male,Female,2.8649783074895394,0.06086957829103275,10520,2.8331298734817345,0.08143356487414583,5848,30869377.0,0.6541468436575816,,0.0035401593213109095,,,Male
Clarifications,Disclosed,gender,Male,Female,3.315011688152516,0.05907657588856223,10520,3.307963497136128,0.07838872850597417,5848,30767678.0,0.9776082447794053,,0.0002340015500408299,,,Male
Critique,Disclosed,gender,Male,Female,1.5893067767307905,0.040725807820372086,10520,1.63345153715073,0.05997821372797472,5848,30792692.0,0.8827439720955772,,0.0010471878202160667,,,Female
Appreciation,Disclosed,race,White,NonWhite,3.5859664772468274,0.11528315773524167,6474,3.2475634690123436,0.09079786678828726,9894,33985784.0,3.068778527075747e-16,***,0.06116443819469386,,,White
Constructiveness,Disclosed,race,White,NonWhite,2.6955029785218145,0.07281455420352448,6474,2.957047605817759,0.06505962383307778,9894,32016156.0,0.9655196039232133,,-0.0003347813046279402,,,NonWhite
Clarifications,Disclosed,race,White,NonWhite,3.1709037528822304,0.07167431350329058,6474,3.405140751410652,0.06237512977389716,9894,32059687.5,0.9002164582296943,,0.0010244364124407657,,,NonWhite
Critique,Disclosed,race,White,NonWhite,1.502051131745479,0.0493900041327984,6474,1.6724937187735152,0.045676573333844804,9894,32165344.0,0.5343684174351065,,0.0043234310881004046,,,NonWhite
Appreciation,Disclosed,region,Western,Eastern,3.4508914112682945,0.09629452611628436,9224,3.2938780289322227,0.10628712255241218,7137,35285326.0,1.8191565713789413e-22,***,0.07198606239596961,,,Western
Constructiveness,Disclosed,region,Western,Eastern,2.6823297397071517,0.060830181241580135,9224,3.076262071684438,0.07942688213924462,7137,33069748.5,0.5403748088042676,,0.004675696603738899,,,Eastern
Clarifications,Disclosed,region,Western,Eastern,3.198019161604464,0.05930139321217134,9224,3.461756399271634,0.07634411676581414,7137,33573470.0,0.013142935440527094,*,0.019979010715933665,,,Eastern
Critique,Disclosed,region,Western,Eastern,1.484520541486284,0.041109920894011207,9224,1.7618025079792066,0.05647776100444119,7137,33094971.5,0.42773219292171205,,0.005441984109537001,,,Eastern
Appreciation,Disclosed,uni_rank,Top100,Other,3.324754330939901,0.13938149800378724,4069,3.4001556682258425,0.08303091012713129,12299,25845665.0,0.00010222980426254572,***,0.03290460868819278,,,Other
Constructiveness,Disclosed,uni_rank,Top100,Other,2.6479279088341134,0.09241035410457425,4069,2.9216437624087432,0.057217379929373674,12299,25065676.5,0.8432110156268382,,0.0017328931848852314,,,Other
Clarifications,Disclosed,uni_rank,Top100,Other,3.093908736602015,0.08678302565790515,4069,3.3848100529622696,0.055826572270886575,12299,25075081.0,0.81953710489473,,0.002108737698555574,,,Other
Critique,Disclosed,uni_rank,Top100,Other,1.5022054273093635,0.06544145011982552,4069,1.639113586205674,0.039467762549578386,12299,24996653.5,0.8963464283852806,,-0.001025564560561909,,,Other
Appreciation,Undisclosed,gender,Male,Female,2.41869967750918,0.03376911063603588,43289,2.879686767694279,0.0542266457099419,20375,427125053.0,2.865380972879734e-16,***,-0.03147715191960665,,,Female
Constructiveness,Undisclosed,gender,Male,Female,2.7953678363760486,0.028013719266627178,43289,2.9621814883457875,0.04355205307702264,20375,437235147.5,0.041908536570666316,*,-0.008552115210270994,,,Female
Clarifications,Undisclosed,gender,Male,Female,3.4307435786882317,0.02824830348536259,43289,3.6233563527152266,0.042353085283665624,20375,432397351.0,1.1765945586793926e-05,***,-0.019522008949127367,,,Female
Critique,Undisclosed,gender,Male,Female,1.7086949157046523,0.02048362739664286,43289,1.8030842274726238,0.03131594919939577,20375,438731030.0,0.18374159307922933,,-0.00516014283796995,,,Female
Appreciation,Undisclosed,race,White,NonWhite,2.718345109654663,0.04512945532326352,26402,2.4584552800806034,0.03737853518411325,37262,515715509.0,2.697857020298957e-40,***,0.048424592530763144,,,White
Constructiveness,Undisclosed,race,White,NonWhite,2.6309223345378028,0.0338733359110491,26402,3.003100064877385,0.03238797776076503,37262,485667633.0,0.0014678055232387932,**,-0.012661280594907898,,,NonWhite
Clarifications,Undisclosed,race,White,NonWhite,3.436604547522324,0.03457118980655154,26402,3.5319121679116314,0.03183634396702295,37262,500252623.0,5.639587131450847e-05,***,0.016989295994238818,,,NonWhite
Critique,Undisclosed,race,White,NonWhite,1.658079095732429,0.025793570878337693,26402,1.7961711946531533,0.022920939762495932,37262,495779303.5,0.03170808018031497,*,0.007895254624140202,,,NonWhite
Appreciation,Undisclosed,region,Western,Eastern,2.6590446091392486,0.0358710564094123,39609,2.4177869396109544,0.04835180147103272,23935,509795656.5,4.591977688044584e-92,***,0.0754712788575802,,,Western
Constructiveness,Undisclosed,region,Western,Eastern,2.6187076378699095,0.027249698174140132,39609,3.234453412478945,0.043546426892755334,23935,468162066.0,0.0022804435972672375,**,-0.012359463220285583,,,Eastern
Clarifications,Undisclosed,region,Western,Eastern,3.4085534999126033,0.028159648608436567,39609,3.6328614967410666,0.04159271273940841,23935,485969296.5,4.322709105009749e-09,***,0.025206892464713748,,,Eastern
Critique,Undisclosed,region,Western,Eastern,1.6617709906891216,0.02049880213944753,39609,1.8696569192707955,0.030502100592183806,23935,482748725.5,8.553337705290007e-07,***,0.01841273569256474,,,Eastern
Appreciation,Undisclosed,uni_rank,Top100,Other,2.3933745113654914,0.04624779510608356,20910,2.650775300528919,0.03641967995104925,42754,453451338.5,0.00015710969493775036,***,0.014448251960595293,,,Other
Constructiveness,Undisclosed,uni_rank,Top100,Other,2.5424707415872683,0.0360862118295617,20910,2.9985513142007396,0.030371693853676638,42754,444458182.0,0.17440949633953284,,-0.0056709782995070235,,,Other
Clarifications,Undisclosed,uni_rank,Top100,Other,3.29501358362833,0.03636726976682582,20910,3.588918239948057,0.03014486344998064,42754,450333603.0,0.09125737270920269,,0.007473344049830466,,,Other
Critique,Undisclosed,uni_rank,Top100,Other,1.5707939739336452,0.025804594351038476,20910,1.8211216107438104,0.02220769025036862,42754,448028671.0,0.5479196860608045,,0.0023168166790594746,,,Other
